Post ID,Subreddit,Title,Score,Upvote Ratio,Number of Comments,Time Created
e5k3z2,t5_2xhvq,AITA for pretending to get fired when customers get a temper with me?,63525,0.92,3693,1575392873.0
gr8bp3,t5_2xhvq,AITA For suing my girlfriend after she had my 1967 impala project taken to the scrapyard?,62692,0.97,2829,1590536145.0
dhfeg9,t5_2xhvq,AITA for making a dad joke?,56950,0.95,2043,1570995686.0
cihc3z,t5_2xhvq,AITA for telling my extended family how many men (roughly) my sister has slept with after she outed our youngest brother as a virgin?,54123,0.92,5261,1564233111.0
cnml52,t5_2xhvq,"AITA for suggesting my 7yo name his new stuffed tiger ""Tig Bitties""?",52394,0.9,4265,1565274741.0
dkqv29,t5_2xhvq,WIBTA for refusing to stop cooking bacon in my kitchen due to my teenage daughters vegan lifestyle?,51398,0.89,7653,1571609951.0
d7yuot,t5_2xhvq,Aita for wearing the “joke” bikini my friend got me?,50967,0.86,4099,1569197811.0
daglhs,t5_2xhvq,AITA for telling my son he deserved his gf breaking up with him?,47775,0.92,4060,1569680504.0
d10cpy,t5_2xhvq,AITA for sleeping naked on top of the covers to teach my flatmate's gf a lesson?,47426,0.93,6224,1567884099.0
awyi8k,t5_2xhvq,AITA for despising my mentally handicap sister?,46801,0.96,2739,1551646782.0
b43t53,t5_2xhvq,AITA for giving my ex wife a large amount of money I won despite the anger of my gf?,45409,0.94,5465,1553253204.0
dtg4jw,t5_2xhvq,AITA for telling the girl who kissed my boyfriend for a play that she is desperate and pathetic?,44254,0.87,4345,1573223122.0
fzvxw7,t5_2xhvq,AITA for telling my girlfriend to shut the fuck up after she insulted my sisters thighs?,44126,0.96,2265,1586694776.0
efcc8u,t5_2xhvq,AITA for jumping out of a bathroom window to avoid my mom’s attempt at forcing a reunion between me and my ex fiancé?,43602,0.9,1782,1577250390.0
cs0bfh,t5_2xhvq,AITA for asking my brother not to bring his boyfriend to my wedding?,43063,0.92,4578,1566129347.0
e3f7tf,t5_2xhvq,AITA if I stop paying my daughter’s tuition over a disgusting comment she made towards my new girlfriend?,42919,0.83,8532,1575036708.0
cwxh47,t5_2xhvq,AITA for asking moms boyfriend to stop trying to parent me?,41623,0.94,4473,1567063135.0
dgfkt3,t5_2xhvq,AITA for not telling my Dad he isn't getting the inheritance he's expecting?,41572,0.95,3327,1570802379.0
cbybhq,t5_2xhvq,AITA for keeping my website up after being asked to remove it?,41412,0.9,2347,1562865352.0
cdypge,t5_2xhvq,AITA for telling cashier that wasn’t the girls credit card?,41140,0.8,7836,1563291671.0
cohdqj,t5_2xhvq,AITA for ruining both my parents marriages for disowning me?,41039,0.92,2366,1565439833.0
eizcvf,t5_2xhvq,AITA for saying my babysitting rates are $35 an hour?,40574,0.84,9035,1577977774.0
bvxqh8,t5_2xhvq,AITA For Firing An Employee After His Parents Died?,40289,0.81,3453,1559484633.0
d38i34,t5_2xhvq,AITA for demanding my sister pay rent for living-at-home with my parents and refusing to pay my rent until she does?,39360,0.91,2890,1568297632.0
e8w7e6,t5_2xhvq,"UPDATE: AITA if I ""cancel"" Christmas because I can't afford it this year?",38938,0.91,884,1576009813.0
c8uwj2,t5_2xhvq,"AITA for telling my family that if they gift us money for our wedding, there will be no ""strings attached"" or we will politely decline it?",38688,0.92,3083,1562194365.0
d1btlg,t5_2xhvq,AITA because I refuse to go and visit my special needs stepsister in hospital even though she’s very sick? I low key hate her.,38514,0.89,4366,1567954116.0
birkjn,t5_2xhvq,"WIBTA if I ask my pregnant wife to move out because she and her best friend decided to ""test"" my loyalty?",38263,0.93,4157,1556555709.0
avtmig,t5_2xhvq,AITA For purposely stopping my classmate from winning an award and subsequently making her cry?,37923,0.93,270,1551374542.0
cdc0q0,t5_2xhvq,AITA for not wanting to pick up my wife from the airport at 12:30 AM?,37589,0.92,2955,1563159366.0
bpe2di,t5_2xhvq,"AITA For calling my co-worker ""chunky"" after she repeatedly calls me ""slim"" and makes references to my weight after I asked her multiple times not to.",37097,0.91,1888,1558021056.0
ctwk69,t5_2xhvq,AITA for telling my wife and in-laws to fuck off after they told me to stop cuddling my daughter?,37090,0.93,2667,1566475961.0
cv96lf,t5_2xhvq,AITA for pointing out to my friends that they are not famous?,36932,0.93,2550,1566743460.0
bwovur,t5_2xhvq,AITA for not telling my wife that I picked her daughter up drunk from a house party?,36550,0.93,2521,1559655998.0
gth6bg,t5_2xhvq,AITA for not waking up my girlfriend for her exam after I overheard her calling me a little bitch?,36466,0.95,1689,1590856856.0
clqcio,t5_2xhvq,"AITA for being visibly shocked/dumbfounded that my GF (21, American) could not point out Florida on a map?",36439,0.91,4927,1564880444.0
ejycvt,t5_2xhvq,"AITA for not wanting my son to literally be named ""John Doe?""",36297,0.93,4121,1578153807.0
cw43oc,t5_2xhvq,AITA for refusing to pay back my cousin after my baby ruined her blouse?,36217,0.87,8961,1566910725.0
f3asns,t5_2xhvq,AITA for leaving significant facial scarring uncovered on a plane and being confrontational when a father asked me to cover it because it was scaring his son?,36160,0.89,2827,1581604328.0
e7t57k,t5_2xhvq,AITA for admitting I regret having children.,36011,0.88,5275,1575807869.0
gcr7vr,t5_2xhvq,AITA For Not Baking Much For My Family,35965,0.97,1733,1588515008.0
e9bilu,t5_2xhvq,AITA for suggesting/letting my 17 year old son get drunk?,35573,0.9,4809,1576091398.0
gnkxa5,t5_2xhvq,AITA for telling my wife it’s not ‘cute’ for her to encourage our teenage daughter to expect her boyfriend to pay for EVERYTHING in their relationship?,35354,0.96,2283,1590014856.0
ebjcyh,t5_2xhvq,AITA for demanding the same Christmas present my stepbrother got?,35092,0.87,4192,1576522509.0
chvyp2,t5_2xhvq,AITA for honking at another driver who cut in front of me at a drive thru each time she tries to order,34802,0.9,2738,1564101578.0
cccdat,t5_2xhvq,AITA For ignoring a coworker who refused to use my actual name?,34706,0.91,4637,1562945600.0
b22cxm,t5_2xhvq,"AITA for pretending to be an ""Appletarian"" (eating only apple derived foods/drinks) for 3 weeks as a prank, causing my friends to have an intervention for me?",34449,0.93,2895,1552803912.0
d6cfsz,t5_2xhvq,AITA for telling my daughter she cannot introduce her African American boyfriend to her grandparents?,34392,0.83,7668,1568891108.0
devz7y,t5_2xhvq,AITA for going to the police over a 'prank',34161,0.78,6106,1570514714.0
dk2rkt,t5_2xhvq,AITA for leaving my wife by herself when she talks in a cringy manner,34075,0.89,3817,1571486035.0
ca7bdz,t5_2xhvq,"AITA because I ate more than ""my share"" of a 6 foot party sub last night?",34039,0.91,3224,1562509233.0
efz1kb,t5_2xhvq,AITA for blowing up at my stepsister at her comments about my lost weight?,34013,0.91,1950,1577385345.0
h0a45w,t5_2xhvq,AITA for telling my stepdaughter to stop using period products in the bathroom she shares with my teenage sons?,33975,0.86,4928,1591792971.0
dcb1vq,t5_2xhvq,AITA for I telling my childhood bully (who is MtF transgender) that she will always be the “boy who bullied me”?,33974,0.83,2782,1570026946.0
dwrlls,t5_2xhvq,AITA for outing my ex as gay after she told everyone that I cheated on her?,33900,0.86,4169,1573828528.0
bp8v29,t5_2xhvq,AITA for reporting my car stolen when my sister took it after I told her not to?,33853,0.95,4452,1557985220.0
briguv,t5_2xhvq,AITA for wanting my daughter’s boyfriend/soon-to-be fiance to know her dark secret before marriage?,33512,0.96,5010,1558487281.0
cmvrbe,t5_2xhvq,AITA for getting upset that my sister’s fiancé pulled me aside and patted me down at their wedding?,33402,0.87,3061,1565123343.0
efmpvl,t5_2xhvq,AITA for replacing myself with my twin brother at my in-laws’ Christmas Eve party to see if anyone noticed?,33318,0.85,1978,1577312504.0
evqd98,t5_2xhvq,"AITA? My mom is an influencer. I am sick of being a part of it, I had ""NO PHOTOS"" hoodies printed for me and my little sister.",33061,0.96,3442,1580320520.0
ehw713,t5_2xhvq,AITA for saying “I love you more than anything” to my daughter in front of my wife,33052,0.85,4799,1577758340.0
eejyso,t5_2xhvq,AITA for saying my sister needs to stop bringing up her miscarriage for attention?,32940,0.9,2252,1577103764.0
chb37s,t5_2xhvq,"AITA for kicking out my brother, who our parents have previously disowned, because he told my (now ex) fiancé that I cheated 9 years ago?",32371,0.87,7683,1563988805.0
btvqmi,t5_2xhvq,WIBTA if I called off my wedding because my fiance does not want my son to bring his boyfriend to the wedding?,32352,0.85,4893,1559018219.0
cmcou6,t5_2xhvq,AITA for insulting a girl's weight after she went off on me for touching her purse on a crowded train?,31885,0.89,3229,1565020244.0
cyt2nl,t5_2xhvq,AITA for allowing two teenagers to be spit on by a llama?,31810,0.89,2868,1567449640.0
ef49r2,t5_2xhvq,AITA for gifting my sister pictures of my dog?,31742,0.91,2643,1577208307.0
giww2y,t5_2xhvq,AITA for blowing up at my friend who constantly makes comments about my boobs?,31720,0.96,2519,1589367794.0
dz2eyy,t5_2xhvq,AITA for starting my wedding on time and not waiting for my parents?,31678,0.87,4628,1574258414.0
e1go2v,t5_2xhvq,AITA for regifting my kids their own tablets for Christmas?,31666,0.91,3634,1574691629.0
ei9igg,t5_2xhvq,AITA for laughing uncontrollably at my son when he asked me to replace a Christmas gift he broke out of anger?,31540,0.88,3491,1577829619.0
9wg9ep,t5_2xhvq,AITA for telling someone that his art sucks and he won't amount to much in life in front of his friends and family.,31529,0.94,3353,1542045391.0
gbl3wk,t5_2xhvq,AITA for telling my autistic brother the truth when he asked me why women don’t like him?,31347,0.97,2454,1588349893.0
cg1u8p,t5_2xhvq,AITA for wanting to go to the funeral of a girl that I helped get addicted to drugs?,31045,0.94,948,1563731508.0
cb6xz4,t5_2xhvq,AITA for selling my daughter's car after discovering her texting & driving?,30971,0.9,6646,1562706692.0
aphmhd,t5_2xhvq,Aita for giving a woman a taste of her own behavior,30880,0.93,783,1549900726.0
ggmc1h,t5_2xhvq,"AITA for disowning my brother when he came out as gay, because of how he's treating his wife?",30830,0.95,1788,1589053945.0
h0jty3,t5_2xhvq,AITA for telling my male friend that he’s shit at sex,30798,0.95,2407,1591822010.0
c5eeb5,t5_2xhvq,AITA for spraying the neighborhood kids with my garden hose?,30783,0.96,2078,1561493413.0
